username,password
AliceSmith,Alice123
BobJohnson,Bob456
CharlieWill,Pass789
DianaBrown,Diana123
EricJones,Eric456
FionaGarcia,Pass789
GeorgeMar,George123
HannahMill,Pass456
IanDavis,Ian789
JessicaRod,Jessica123
KevinMartz,Kevin456
LindaWilson,Linda789
MichaelAnd,Michael123
NancyTaylor,Nancy789
OscarThoma,Oscar123
PeterMoore,Peter456
QuinnJackso,Pass789
RachelWhite,Rachel123
StevenHarri,Steven456
TinaClark,Tina789
UlyssesLew,Ulysses123
VioletLee,Violet456
WilliamAlle,Will123
XenaScott,Xena789
YuriGreen,Yuri123
ZaraAdams,Zara456
Dhyan,Dhyan327
jainil,jainil123
nilabh,nilabh123
kinjal,klj
